<?xml version="1.0" encoding="UTF-8"?><metadata>
<idinfo>
<citation>
<citeinfo>
<origin/>
<pubdate>20160101</pubdate>
<title>Maryland Political Boundaries - ZIP Codes - 5 Digit</title>
<onlink>https://geodata.md.gov/imap/rest/services/Boundaries/MD_PoliticalBoundaries/FeatureServer/4</onlink>
</citeinfo>
</citation>
<descript>
<abstract>This is a MD iMAP hosted service. Find more information at http://imap.maryland.gov.This dataset is the Maryland zip codes based on MD PropertyView data.Feature Service Link:https://geodata.md.gov/imap/rest/services/Boundaries/MD_PoliticalBoundaries/FeatureServer/4</abstract>
<purpose>Maryland Political Boundaries - ZIP Codes - 5 Digit</purpose>
</descript>
<keywords>
<theme>
<themekt>None</themekt>
<themekey>MD</themekey>
<themekey>MD iMAP</themekey>
<themekey>ZIP Codes</themekey>
<themekey>MDP</themekey>
<themekey>political boundaries</themekey>
<themekey>Maryland</themekey>
<themekey>Maryland Department of Planning</themekey>
<themekey>ZIP</themekey>
</theme>
</keywords>
<accconst>None</accconst>
<useconst>The Spatial Data, and the information therein, (collectively
the &amp;quot;Data&amp;quot;) is provided &amp;quot;as is&amp;quot; without warranty of any
kind, either expressed, implied, or statutory. The user assumes the entire risk
as to quality and performance of the Data. No guarantee of accuracy is granted,
nor is any responsibility for reliance thereon assumed. In no event shall the
State of Maryland be liable for direct, indirect, incidental, consequential or
special damages of any kind. The State of Maryland does not accept liability
for any damages or misrepresentation caused by inaccuracies in the Data or as a
result to changes to the Data, nor is there responsibility assumed to maintain
the Data in any manner or form. The Data can be freely distributed as long as
the metadata entry is not modified or deleted. Any data derived from the Data
must acknowledge the State of Maryland in the metadata</useconst>
<datacred>MD iMAP, MDP</datacred>
</idinfo>
<metainfo>
<metd>20170807</metd>
<metc>
<cntinfo>
<!--no contact person or organization name available-->
</cntinfo>
</metc>
<metstdn>FGDC Content Standard for Digital Geospatial Metadata</metstdn>
<metstdv>FGDC-STD-001-1998</metstdv>
<mettc>local time</mettc>
</metainfo>
</metadata>
